Core	Average	Leaves
group1	0.2705788813952613	otu6;otu9;otu10
group2	0.34708617014298815	otu7;otu5;otu3
group3	0.38233494846175053	otu1;otu2;otu4;otu8
10		
