Core	Average	Leaves
group1	0.5501320163643597	otu2;otu6;otu4;otu10;otu8
group2	0.44986798363564034	otu9;otu5;otu1;otu3;otu7
10		
