Core	Average	Leaves
group1	0.4187513072993049	otu8;otu6;otu4;otu1;otu7
group2	0.5812486927006951	otu10;otu9;otu3;otu5;otu2
10		
