Core	Average	Leaves
group1	0.6185616720485041	otu10;otu4;otu3
group2	0.08703129730279685	otu8;otu6;otu5
group3	0.29440703064869905	otu2;otu7;otu9;otu1
10		
